Search Term,Result,Amazon,Google
Loreal Dulcia,Hits,22 results for Beauty :  "Loreal Dulcia",'(L''Oréal Care & Styling Dulcia Advanced 3 75ml €6.85 (£6.20) from 4 shops  )(L''Oréal Care & Styling Dulcia Advanced Fixer 1L €20.56 (£18.60) from 5+ shops  )(L''Oreal Professionnel Dulcia Tonic 1T 75Ml V272 75 75 ml €11.39 from 3 shops  )'
Loreal hair spa,Hit,30 results for Beauty :  "Loreal hair spa",Undetermined - Manual check needed*
Loreal infinium,Hits,1-48 of 58 results for Beauty :  "Loreal infinium",'(L''Oreal Professionnel Hair styling Infinium Infinium Extreme 75 ml €4.01 from parfumdreams.IE  )(L''Oreal Professionnel Infinium Extra Strong (500ml) €10.95 from 5+ shops  )(L''Oreal Professionnel Infinium Soft (500ml) €9.45 from 5+ shops  )'
Loreal botonical,Hit,No result: Your search "Loreal botonical" did not match any products.,'(Botanicals Coriander Strength Source Pack 2 pieces €15.76 from 2 shops  )(L''Oreal Serie Expert Sensi Balance Shampoo 1500ml €25.99 from 5+ shops  )(L''Oréal Professionnel 1000ml Pump €2.95 from 3 shops  )'
Loreal lumi oil,Hits,4 results for Beauty :  "Loreal lumi oil",'(L''Oreal Professionnel Hair care Mythic Oil Mythic Oil 30 ml €6.35 from parfumdreams.IE  )(L''Oreal Paris Smooth Sugars Nourishing Sugar Scrub 50ml €9.45 from 5+ shops  )(L''Oreal Serie Expert Nutrifier Conditioner 1000ml €25.99 from Terrisales Salon Supplies  )'
Loreal divers,Hit,3 results for Beauty :  "Loreal divers",No result:    Your search - Loreal divers - did not match any shopping results.   Suggestions: Make sure that all words are spelled correctly.Try different keywords.Try more general keywords.Try fewer keywords.  
Loreal laques,Hits,34 results for Beauty :  "Loreal laques",'(L''Oreal Professionnel Infinium Soft (500ml) €9.45 from 5+ shops  )(L''Oreal Professionnel Infinium Extra Strong (500ml) €10.95 from 5+ shops  )(L''Oreal Professionnel Hair styling Infinium Infinium Strong 500 ml €13.77 from 5+ shops  )'
Loreal dang,,No result: We found 0 results for "Loreal dang",No result:    Your search - Loreal dang - did not match any shopping results.   Suggestions: Make sure that all words are spelled correctly.Try different keywords.Try more general keywords.Try fewer keywords.  
'L''Oreal Dulcia',Hits,'22 results for Beauty :  "L''Oreal'' Dulcia"','(L''Oréal Care & Styling Dulcia Advanced 3 75ml €6.85 (£6.20) from 4 shops  )(L''Oréal Care & Styling Dulcia Advanced Fixer 1L €20.56 (£18.60) from 5+ shops  )(L''Oreal Professionnel Dulcia Tonic 1T 75Ml V272 75 1 €11.39 from 3 shops  )'
'L''Oreal hair spa',Hits,'27 results for Beauty :  "L''Oreal'' hair spa"','(L''Oreal Professionnel Hair care Smartbond Conditioner 250 ml €19.43 from 5+ shops  )(L''Oreal Serie Expert Vitamino Color Masque 500ml €22.99 from 5+ shops  )(L''Oreal Serie Expert Absolute Cellular Masque 500ml €22.99 from 5+ shops  )'
'L''Oreal infinium',Hits,'32 results for Beauty :  "L''Oreal'' infinium"','(L''Oreal Professionnel Hair styling Infinium Infinium Extreme 75 ml €4.01 from parfumdreams.IE  )(L''Oreal Professionnel Infinium Soft (500ml) €9.45 from 5+ shops  )(L''Oreal Professionnel Infinium Extra Strong (500ml) €10.95 from 5+ shops  )'
'L''Oreal botonical',Hits,'1-48 of 73 results for Beauty :  "l''oreal'' botanical"','(Botanicals Coriander Strength Source Pack 2 pieces €15.76 from 2 shops  )(L''Oreal Serie Expert Sensi Balance Shampoo 1500ml €25.99 from 5+ shops  )(L''Oréal Paris Botanicals Lavender Sensitive Scalp Shampoo 400ml €9.59 from Feelunique  )'
'L''Oreal lumi oil',Hits,'4 results for Beauty :  "L''Oreal'' lumi oil"','(L''Oreal Professionnel Hair care Mythic Oil Mythic Oil 30 ml €6.35 from parfumdreams.IE  )(L''Oreal Professionnel Mythic Oil Colour Glow Oil (100ml) €15.95 from 10+ shops  )(L''Oreal Paris Elvive Extraordinary Oil for All Hair Types €11.95 from 4 shops  )'
'L''Oreal divers',Hits,'3 results for Beauty :  "L''Oreal'' divers"','(L’Oréal Paris Men Expert Barber Club Wash 200ml €6.95 from 5+ shops  )(L''Oreal Serie Expert Pump 1500ml €1.99 from Terrisales Salon Supplies  )(L''Oreal Serie Expert Vitamino Color Shampoo 1500ml €25.99 from 5+ shops  )'
'L''Oreal laques',Hits,'3 results for Beauty :  "l''oreal'' plaques"','(L''Oreal Professionnel Infinium Extra Strong (500ml) €10.95 from 5+ shops  )(L''Oreal Professionnel Hair styling Infinium Infinium Strong 500 ml €13.77 from 5+ shops  )(L''Oreal Professionnel Infinium Soft (500ml) €9.45 from 5+ shops  )'
'L''Oreal dang',Hit,'No result: We found 0 results for "L''Oreal'' dang"','(L''Oréal Professionnel Série Expert Absolute Lipidium Repair Shampoo 500ml €14.95 from 5+ shops  )(L''Oréal Professionnel 1000ml Pump €2.95 from 3 shops  )(L''Oreal Professionnel Serie Expert Vitamino Color AOX Shampoo 100 ml €3.71 from parfumdreams.IE  )'
